student_id,age,gender,city,course_stream,study_hours_per_week,attendance_rate,prior_gpa_10pt,has_internet,device_type,parental_education,test_score,admission_date,fee_paid_inr,scholarship,comments,attendance_rate_pct,attendance_category,gpa_band,study_hours_bin,study_hours_qbin
S0001,24,Female,Mumbai,MCA,11.2,46.2,6.88,NONE,NONE,Phd,58.4,11-08-2023,63952.0,Partial,,46.2,Low (<50%),Medium (5-8),11-15,Q2
S0002,21,NONE,Mumbai,BBA,14.9,64.3,5.87,No,Mobile,NONE,85.8,29-04-2023,62085.0,Yes,Late enrollment,64.3,Medium (50-75%),Medium (5-8),11-15,Q3
S0003,24,Female,Bengaluru,NONE,13.4,57.7,7.15,No,Tablet,NONE,89.3,29-08-2023,55598.0,Yes,Transferred from another program,57.7,Medium (50-75%),Medium (5-8),11-15,Q3
S0004,28,Female,Remote,ME,8.9,64.6,7.27,No,Laptop,Undergrad,59.4,02-02-2024,54627.0,Partial,Good coder,64.6,Medium (50-75%),Medium (5-8),6-10,Q1
S0005,21,Male,Bengaluru,EE,11.0,52.2,7.22,NONE,Desktop,Phd,55.5,15-01-2024,60370.5,No,,52.2,Medium (50-75%),Medium (5-8),11-15,Q2
S0006,21,Male,Bengaluru,MCA,9.5,98.4,7.17,No,Tablet,High School,75.1,24-08-2024,69382.0,NONE,Good coder,98.4,High (>75%),Medium (5-8),6-10,Q2
S0007,22,Female,Delhi,MCA,9.1,80.6,7.44,Yes,Laptop,Undergrad,70.9,25-06-2025,64349.0,No,Needs scholarship support,80.6,High (>75%),Medium (5-8),6-10,Q2
S0008,25,Male,Pune,ME,16.2,85.7,7.03,Yes,Tablet,NONE,77.5,01-11-2024,57035.0,No,Prefers evening classes,85.7,High (>75%),Medium (5-8),16-20,Q4
S0009,20,Male,Remote,NONE,13.8,92.4,6.51,Yes,Laptop,NONE,71.0,05-03-2025,66174.0,No,Late enrollment,92.4,High (>75%),Medium (5-8),11-15,Q3
S0010,24,NONE,Kolkata,NONE,8.5,74.9,6.54,NONE,Mobile,Postgrad,45.3,22-09-2024,37212.0,No,,74.9,Medium (50-75%),Medium (5-8),6-10,Q1
S0011,20,Male,Chennai,BBA,16.5,50.2,7.16,No,Laptop,High School,91.2,19-08-2025,69190.0,NONE,Transferred from another program,50.2,Medium (50-75%),Medium (5-8),16-20,Q4
S0012,20,NONE,Mumbai,MCA,13.5,77.2,6.55,NONE,Laptop,Phd,94.9,03-02-2023,46082.0,Yes,,77.2,High (>75%),Medium (5-8),11-15,Q3
S0013,23,Male,Kolkata,NONE,16.1,80.2,6.34,Yes,Desktop,High School,58.8,08-11-2023,57100.0,NONE,,80.2,High (>75%),Medium (5-8),16-20,Q4
S0014,16,NONE,Mumbai,CS,15.1,89.7,7.33,Yes,Tablet,NONE,62.2,31-03-2024,51043.0,Partial,Late enrollment,89.7,High (>75%),Medium (5-8),16-20,Q3
S0015,16,Female,Delhi,BBA,7.9,70.9,6.89,No,Laptop,Phd,72.3,25-05-2025,49643.0,No,Needs scholarship support,70.9,Medium (50-75%),Medium (5-8),6-10,Q1
S0016,20,Male,Mumbai,BBA,9.2,52.7,9.0,No,NONE,High School,73.0,12-04-2023,69287.0,NONE,Needs scholarship support,52.7,Medium (50-75%),High (>8),6-10,Q2
S0017,18,Prefer_not_to_say,Bengaluru,EE,15.7,62.0,4.02,NONE,Laptop,NONE,77.9,11-07-2024,56258.0,Partial,,62.0,Medium (50-75%),Low (<5),16-20,Q4
S0018,23,Female,Remote,MCA,15.1,66.8,8.51,No,Desktop,Undergrad,98.2,03-04-2023,62772.0,NONE,Prefers evening classes,66.8,Medium (50-75%),High (>8),16-20,Q3
S0019,19,Male,Chennai,NONE,11.9,83.8,8.7,Yes,Mobile,Phd,65.3,10-10-2023,59625.0,No,Needs scholarship support,83.8,High (>75%),High (>8),11-15,Q2
S0020,17,Other,Hyderabad,NONE,0.0,79.2,4.71,Yes,Laptop,NONE,56.0,05-06-2023,63816.0,No,,79.2,High (>75%),Low (<5),0-5,
S0021,28,Female,Mumbai,MBA,18.4,66.4,6.79,No,NONE,Undergrad,47.3,04-04-2023,60615.0,Partial,Prefers evening classes,66.4,Medium (50-75%),Medium (5-8),16-20,Q4
S0022,21,Male,Kolkata,BSC,9.0,104.2,6.75,No,Desktop,High School,57.0,19-10-2024,49736.0,NONE,Late enrollment,100.0,High (>75%),Medium (5-8),6-10,Q1
S0023,22,Female,Bengaluru,BSC,14.7,81.3,5.51,Yes,Laptop,Phd,67.5,21-02-2023,67970.0,No,Transferred from another program,81.3,High (>75%),Medium (5-8),11-15,Q3
S0024,17,Other,Hyderabad,BSC,11.0,59.2,6.27,Yes,Desktop,Postgrad,94.9,09-07-2023,56050.0,Partial,Late enrollment,59.2,Medium (50-75%),Medium (5-8),11-15,Q2
S0025,20,Male,Chennai,EE,10.9,51.1,5.87,No,Tablet,Postgrad,60.2,16-03-2025,47547.0,NONE,,51.1,Medium (50-75%),Medium (5-8),11-15,Q2
S0026,22,Male,Hyderabad,NONE,17.5,54.2,9.3,NONE,Desktop,NONE,71.4,03-12-2023,56575.0,NONE,Transferred from another program,54.2,Medium (50-75%),High (>8),16-20,Q4
S0027,18,Female,Bengaluru,BSC,0.0,59.8,8.32,Yes,Laptop,NONE,67.8,23-08-2024,72006.0,Partial,,59.8,Medium (50-75%),High (>8),0-5,
S0028,23,Female,Remote,ME,16.1,54.6,7.15,No,Laptop,Phd,70.9,04-12-2025,66802.0,NONE,Late enrollment,54.6,Medium (50-75%),Medium (5-8),16-20,Q4
S0029,22,NONE,Remote,ECE,18.5,56.2,8.07,NONE,Desktop,NONE,70.9,12-03-2023,57211.0,NONE,Good coder,56.2,Medium (50-75%),High (>8),16-20,Q4
S0030,21,Female,Pune,BBA,12.1,62.1,5.85,No,Tablet,High School,60.0,18-03-2025,57206.0,No,Good coder,62.1,Medium (50-75%),Medium (5-8),11-15,Q2
S0031,20,Male,Remote,NONE,15.4,55.4,6.57,Yes,NONE,Postgrad,60.7,10-11-2023,57427.0,No,Late enrollment,55.4,Medium (50-75%),Medium (5-8),16-20,Q3
S0032,29,Male,Pune,NONE,10.4,98.8,7.79,NONE,Laptop,NONE,83.7,14-05-2023,76614.0,No,Needs scholarship support,98.8,High (>75%),Medium (5-8),11-15,Q2
S0033,22,Female,Hyderabad,MBA,13.6,49.8,5.73,Yes,NONE,NONE,78.2,28-03-2025,63055.0,Partial,Needs scholarship support,49.8,Low (<50%),Medium (5-8),11-15,Q3
S0034,18,Male,Delhi,ECE,11.3,76.5,8.06,Yes,Tablet,Phd,95.7,23-04-2023,63440.0,Yes,Transferred from another program,76.5,High (>75%),High (>8),11-15,Q2
S0035,25,Prefer_not_to_say,Kolkata,EE,12.5,69.6,6.91,Yes,Mobile,Postgrad,76.8,15-05-2023,68242.0,NONE,Transferred from another program,69.6,Medium (50-75%),Medium (5-8),11-15,Q3
S0036,17,NONE,Kolkata,BBA,15.0,103.9,6.75,Yes,Laptop,NONE,62.6,01-02-2024,61910.0,Partial,Good coder,100.0,High (>75%),Medium (5-8),11-15,Q3
S0037,23,Female,Hyderabad,EE,7.9,51.7,8.05,No,Mobile,NONE,76.9,25-08-2024,57928.0,Yes,Prefers evening classes,51.7,Medium (50-75%),High (>8),6-10,Q1
S0038,16,Female,Mumbai,EE,22.5,68.9,7.73,Yes,Laptop,Phd,84.6,17-01-2023,58429.0,Yes,Late enrollment,68.9,Medium (50-75%),Medium (5-8),20+,Q4
S0039,17,Female,Mumbai,ME,7.0,103.2,6.77,Yes,Tablet,NONE,80.3,29-09-2023,59427.0,Partial,Prefers evening classes,100.0,High (>75%),Medium (5-8),6-10,Q1
S0040,23,NONE,Remote,CS,5.9,96.9,7.15,Yes,Laptop,High School,75.6,05-10-2023,59702.0,Yes,Transferred from another program,96.9,High (>75%),Medium (5-8),6-10,Q1
S0041,25,Female,Kolkata,CS,17.8,94.0,5.9,Yes,Mobile,NONE,84.0,22-06-2024,65821.0,No,Prefers evening classes,94.0,High (>75%),Medium (5-8),16-20,Q4
S0042,23,Male,Kolkata,EE,16.0,60.5,7.94,No,Tablet,High School,85.5,02-02-2025,60416.0,Partial,,60.5,Medium (50-75%),Medium (5-8),16-20,Q4
S0043,22,Male,Pune,BSC,15.1,55.3,7.91,Yes,NONE,Undergrad,88.7,05-02-2024,65861.0,NONE,,55.3,Medium (50-75%),Medium (5-8),16-20,Q3
S0044,21,Female,Delhi,NONE,15.1,85.1,6.83,No,NONE,NONE,77.7,07-03-2025,59354.0,No,Good coder,85.1,High (>75%),Medium (5-8),16-20,Q3
S0045,16,Male,Bengaluru,ECE,11.9,100.8,7.59,No,Mobile,NONE,65.5,09-06-2024,60629.0,NONE,Good coder,100.0,High (>75%),Medium (5-8),11-15,Q2
S0046,19,Male,Mumbai,BSC,7.5,78.4,5.7,No,Mobile,Postgrad,70.2,04-07-2024,44014.0,Yes,,78.4,High (>75%),Medium (5-8),6-10,Q1
S0047,20,Female,Kolkata,MCA,12.4,79.3,8.31,No,Laptop,Undergrad,86.1,26-08-2025,60370.5,No,Transferred from another program,79.3,High (>75%),High (>8),11-15,Q3
S0048,26,Female,Pune,NONE,8.6,61.8,6.98,Yes,NONE,NONE,55.7,14-01-2025,62772.0,NONE,Late enrollment,61.8,Medium (50-75%),Medium (5-8),6-10,Q1
S0049,23,Male,Chennai,EE,16.9,91.2,6.57,NONE,Laptop,High School,73.5,14-04-2024,67984.0,Partial,Late enrollment,91.2,High (>75%),Medium (5-8),16-20,Q4
S0050,16,Female,Pune,MCA,11.3,56.2,8.46,No,Mobile,Phd,62.1,03-04-2023,36830.0,Yes,Needs scholarship support,56.2,Medium (50-75%),High (>8),11-15,Q2
S0051,23,Female,Mumbai,BSC,0.0,64.4,6.35,No,Laptop,High School,68.4,17-05-2025,76707.0,NONE,,64.4,Medium (50-75%),Medium (5-8),0-5,
S0052,21,Female,Mumbai,MCA,10.4,70.5,5.51,No,Tablet,NONE,87.2,12-03-2024,58883.0,Yes,,70.5,Medium (50-75%),Medium (5-8),11-15,Q2
S0053,19,Prefer_not_to_say,Pune,EE,14.1,75.5,5.33,No,NONE,NONE,70.9,17-05-2024,68865.0,NONE,,75.5,High (>75%),Medium (5-8),11-15,Q3
S0054,24,Male,Bengaluru,ME,9.2,59.5,7.93,No,Tablet,High School,68.7,17-03-2023,51681.0,Partial,,59.5,Medium (50-75%),Medium (5-8),6-10,Q2
S0055,26,Other,Hyderabad,CS,7.9,51.9,5.66,No,Laptop,Phd,47.6,26-11-2023,60370.5,No,Late enrollment,51.9,Medium (50-75%),Medium (5-8),6-10,Q1
S0056,26,Male,Mumbai,ECE,13.2,81.6,9.31,No,Laptop,Undergrad,79.2,03-09-2023,51573.0,NONE,Transferred from another program,81.6,High (>75%),High (>8),11-15,Q3
S0057,19,Male,Pune,MCA,13.2,62.3,4.7,NONE,Desktop,NONE,77.7,09-10-2023,55010.0,Yes,Good coder,62.3,Medium (50-75%),Low (<5),11-15,Q3
S0058,21,Male,Kolkata,EE,9.5,79.9,9.24,Yes,Laptop,Postgrad,70.9,26-01-2024,75312.0,Partial,Late enrollment,79.9,High (>75%),High (>8),6-10,Q2
S0059,23,Female,Pune,ME,9.6,54.3,7.45,Yes,NONE,High School,63.4,04-09-2024,58475.0,No,,54.3,Medium (50-75%),Medium (5-8),6-10,Q2
S0060,26,Female,Delhi,NONE,13.2,73.9,7.08,Yes,NONE,High School,70.9,12-04-2023,61739.0,Yes,,73.9,Medium (50-75%),Medium (5-8),11-15,Q3
S0061,20,Other,Hyderabad,BSC,4.8,77.0,6.55,No,Laptop,Postgrad,71.7,23-05-2025,66961.0,Partial,Good coder,77.0,High (>75%),Medium (5-8),0-5,Q1
S0062,21,NONE,Chennai,CS,5.0,48.1,7.68,No,Laptop,High School,91.7,16-03-2024,63965.0,Yes,Transferred from another program,48.1,Low (<50%),Medium (5-8),0-5,Q1
S0063,18,Male,Bengaluru,NONE,0.0,65.2,7.15,No,Tablet,Postgrad,66.6,28-06-2025,61203.0,Partial,Transferred from another program,65.2,Medium (50-75%),Medium (5-8),0-5,
S0064,17,Other,Remote,EE,10.9,53.1,8.52,No,NONE,Postgrad,72.2,28-02-2024,62920.0,No,Transferred from another program,53.1,Medium (50-75%),High (>8),11-15,Q2
S0065,25,Prefer_not_to_say,Chennai,ECE,13.6,48.8,7.34,Yes,Laptop,Postgrad,77.1,27-04-2025,79227.0,No,,48.8,Low (<50%),Medium (5-8),11-15,Q3
S0066,27,Female,Hyderabad,BSC,19.4,104.4,7.38,No,Desktop,Phd,70.8,13-02-2024,59539.0,Yes,,100.0,High (>75%),Medium (5-8),16-20,Q4
S0067,22,Female,Hyderabad,ME,16.3,64.3,6.76,Yes,Mobile,Undergrad,61.3,17-01-2025,61609.0,Partial,Late enrollment,64.3,Medium (50-75%),Medium (5-8),16-20,Q4
S0068,26,NONE,NONE,BSC,11.2,93.6,7.13,Yes,NONE,Undergrad,70.9,17-11-2023,68405.0,NONE,Transferred from another program,93.6,High (>75%),Medium (5-8),11-15,Q2
S0069,23,Male,Chennai,NONE,11.9,60.3,7.57,No,Laptop,NONE,84.1,17-11-2023,68844.0,No,Needs scholarship support,60.3,Medium (50-75%),Medium (5-8),11-15,Q2
S0070,20,Male,Kolkata,NONE,7.0,85.9,5.15,Yes,Mobile,Phd,52.6,19-01-2024,69496.0,NONE,Transferred from another program,85.9,High (>75%),Medium (5-8),6-10,Q1
S0071,23,Male,Hyderabad,NONE,11.9,90.6,5.58,Yes,Tablet,NONE,70.0,12-04-2024,65110.0,NONE,Transferred from another program,90.6,High (>75%),Medium (5-8),11-15,Q2
S0072,28,Male,Pune,MBA,10.6,80.7,8.09,Yes,Desktop,NONE,57.5,10-03-2023,50856.0,Yes,Good coder,80.7,High (>75%),High (>8),11-15,Q2
S0073,22,Male,Chennai,BSC,13.6,73.3,7.41,No,NONE,Undergrad,85.9,01-05-2025,73067.0,Yes,Prefers evening classes,73.3,Medium (50-75%),Medium (5-8),11-15,Q3
S0074,28,Male,Remote,NONE,7.9,69.7,6.98,No,Mobile,Undergrad,45.2,04-06-2023,50829.0,Yes,Good coder,69.7,Medium (50-75%),Medium (5-8),6-10,Q1
S0075,16,Female,Hyderabad,NONE,14.6,65.9,7.22,Yes,Laptop,Undergrad,59.6,09-04-2023,62421.0,Partial,Needs scholarship support,65.9,Medium (50-75%),Medium (5-8),11-15,Q3
S0076,25,Female,Pune,MCA,19.7,100.8,7.62,Yes,Mobile,High School,73.7,04-11-2025,53966.0,No,Late enrollment,100.0,High (>75%),Medium (5-8),16-20,Q4
S0077,22,Female,Kolkata,NONE,11.5,94.8,6.55,Yes,Laptop,NONE,91.5,23-07-2024,59487.0,No,Needs scholarship support,94.8,High (>75%),Medium (5-8),11-15,Q2
S0078,21,Male,Delhi,BSC,14.0,102.9,6.27,No,Mobile,Phd,67.0,23-08-2024,62630.0,NONE,Prefers evening classes,100.0,High (>75%),Medium (5-8),11-15,Q3
S0079,22,Male,Kolkata,ME,15.5,52.5,7.44,No,Tablet,NONE,59.7,17-11-2024,62571.0,Yes,Needs scholarship support,52.5,Medium (50-75%),Medium (5-8),16-20,Q4
S0080,16,Male,Remote,BSC,10.0,88.9,6.03,Yes,Mobile,NONE,96.2,25-02-2024,60370.5,Partial,Transferred from another program,88.9,High (>75%),Medium (5-8),6-10,Q2
S0081,21,Prefer_not_to_say,Hyderabad,BSC,13.1,101.3,7.69,Yes,Tablet,Undergrad,46.3,13-06-2025,72910.0,No,Needs scholarship support,100.0,High (>75%),Medium (5-8),11-15,Q3
S0082,23,Female,Remote,BBA,12.1,55.9,5.16,Yes,Tablet,Phd,35.0,07-06-2025,63628.0,Partial,Late enrollment,55.9,Medium (50-75%),Medium (5-8),11-15,Q2
S0083,28,Prefer_not_to_say,Chennai,EE,12.5,49.0,8.43,No,Laptop,NONE,74.6,22-10-2023,58047.0,Yes,Transferred from another program,49.0,Low (<50%),High (>8),11-15,Q3
S0084,20,Other,Mumbai,BBA,8.1,89.5,7.77,Yes,Laptop,Undergrad,60.5,27-12-2023,67713.0,Yes,Transferred from another program,89.5,High (>75%),Medium (5-8),6-10,Q1
S0085,19,NONE,Hyderabad,NONE,12.1,79.5,7.51,No,Desktop,Undergrad,52.7,14-08-2024,69516.0,No,Transferred from another program,79.5,High (>75%),Medium (5-8),11-15,Q2
S0086,20,Other,Mumbai,BSC,14.5,95.5,8.38,No,Tablet,Phd,78.6,06-08-2023,50179.0,NONE,Good coder,95.5,High (>75%),High (>8),11-15,Q3
S0087,25,Male,Pune,EE,19.3,53.4,9.2,Yes,Mobile,NONE,71.7,18-08-2023,64779.0,NONE,,53.4,Medium (50-75%),High (>8),16-20,Q4
S0088,23,NONE,Delhi,BBA,16.8,92.7,8.42,Yes,Laptop,Postgrad,59.5,25-12-2023,60370.5,Yes,,92.7,High (>75%),High (>8),16-20,Q4
S0089,20,NONE,Bengaluru,BSC,22.8,57.1,4.99,No,Mobile,Phd,48.8,28-04-2023,57619.0,Yes,Late enrollment,57.1,Medium (50-75%),Low (<5),20+,Q4
S0090,24,Female,Remote,ECE,8.2,54.8,5.66,Yes,Tablet,Postgrad,81.1,08-10-2024,71006.0,NONE,,54.8,Medium (50-75%),Medium (5-8),6-10,Q1
S0091,22,Female,Kolkata,BBA,16.4,54.9,6.45,NONE,Laptop,NONE,77.8,04-06-2025,58800.0,Yes,Needs scholarship support,54.9,Medium (50-75%),Medium (5-8),16-20,Q4
S0092,26,Female,Delhi,EE,12.9,93.9,7.23,No,Mobile,High School,66.5,15-05-2025,61005.0,No,Prefers evening classes,93.9,High (>75%),Medium (5-8),11-15,Q3
S0093,19,Male,Hyderabad,BBA,22.9,84.9,7.15,No,NONE,Phd,95.7,15-09-2024,60370.5,No,,84.9,High (>75%),Medium (5-8),20+,Q4
S0094,21,Male,Mumbai,MBA,8.0,76.4,6.33,No,Laptop,Postgrad,51.9,30-01-2023,60125.0,Partial,,76.4,High (>75%),Medium (5-8),6-10,Q1
S0095,21,NONE,Kolkata,MBA,7.8,66.5,7.42,No,Mobile,NONE,45.1,07-10-2023,51230.0,NONE,,66.5,Medium (50-75%),Medium (5-8),6-10,Q1
S0096,16,NONE,Mumbai,NONE,9.0,97.6,6.29,No,Laptop,NONE,70.9,01-08-2025,48480.0,Yes,Needs scholarship support,97.6,High (>75%),Medium (5-8),6-10,Q1
S0097,23,Prefer_not_to_say,Chennai,ECE,1.4,68.5,6.47,No,Tablet,Undergrad,67.3,26-12-2023,72756.0,Partial,Needs scholarship support,68.5,Medium (50-75%),Medium (5-8),0-5,Q1
S0098,23,Female,Mumbai,ME,9.4,94.0,5.51,Yes,Tablet,High School,70.9,07-05-2023,53224.0,No,,94.0,High (>75%),Medium (5-8),6-10,Q2
S0099,22,Male,Chennai,ME,8.2,71.3,6.09,No,Tablet,Phd,64.4,08-02-2024,52069.0,NONE,Prefers evening classes,71.3,Medium (50-75%),Medium (5-8),6-10,Q1
S0100,21,Female,Pune,EE,12.8,67.6,5.58,Yes,Laptop,Postgrad,73.3,13-03-2023,42773.0,No,,67.6,Medium (50-75%),Medium (5-8),11-15,Q3
S0101,17,Other,Kolkata,MCA,13.7,72.8,6.03,NONE,Mobile,NONE,49.2,28-01-2025,54888.0,Yes,Needs scholarship support,72.8,Medium (50-75%),Medium (5-8),11-15,Q3
S0102,20,Other,Kolkata,ME,0.0,63.1,8.46,Yes,NONE,Postgrad,89.7,04-04-2023,49415.0,Partial,,63.1,Medium (50-75%),High (>8),0-5,
S0103,21,Female,Bengaluru,EE,16.8,89.9,6.06,Yes,Laptop,NONE,66.8,21-01-2024,73136.0,Yes,Late enrollment,89.9,High (>75%),Medium (5-8),16-20,Q4
S0104,19,Female,Hyderabad,ECE,9.1,75.2,7.15,Yes,Laptop,Phd,84.8,09-04-2024,68079.0,Yes,,75.2,High (>75%),Medium (5-8),6-10,Q2
S0105,21,Female,Chennai,MCA,7.5,58.9,7.79,Yes,NONE,NONE,73.1,11-06-2023,54495.0,NONE,Transferred from another program,58.9,Medium (50-75%),Medium (5-8),6-10,Q1
S0106,24,Female,Bengaluru,MCA,14.5,99.0,7.42,NONE,Mobile,Postgrad,74.9,16-11-2023,78019.0,NONE,,99.0,High (>75%),Medium (5-8),11-15,Q3
S0107,29,Prefer_not_to_say,Mumbai,MBA,5.4,68.0,6.17,No,Mobile,Phd,76.5,06-03-2025,67854.0,Yes,,68.0,Medium (50-75%),Medium (5-8),6-10,Q1
S0108,23,NONE,Mumbai,NONE,21.2,77.6,8.04,Yes,Laptop,Postgrad,74.7,23-06-2025,57401.0,NONE,,77.6,High (>75%),High (>8),20+,Q4
S0109,23,Female,Bengaluru,BSC,17.9,99.4,6.51,No,Desktop,Undergrad,77.6,06-09-2023,40005.0,Partial,,99.4,High (>75%),Medium (5-8),16-20,Q4
S0110,22,NONE,Kolkata,MCA,9.7,82.5,7.35,Yes,NONE,Phd,87.9,11-02-2025,78328.0,Partial,Prefers evening classes,82.5,High (>75%),Medium (5-8),6-10,Q2
S0111,16,Male,Mumbai,CS,3.4,52.0,7.15,No,Tablet,Phd,70.9,21-11-2024,48883.0,Yes,Good coder,52.0,Medium (50-75%),Medium (5-8),0-5,Q1
S0112,22,Female,Remote,EE,18.8,101.4,7.08,Yes,NONE,High School,78.6,10-06-2023,46837.0,Partial,Transferred from another program,100.0,High (>75%),Medium (5-8),16-20,Q4
S0113,22,NONE,Pune,MCA,11.4,82.7,8.58,Yes,Mobile,Undergrad,66.7,11-08-2024,68181.0,Yes,Good coder,82.7,High (>75%),High (>8),11-15,Q2
S0114,31,Female,Pune,MCA,18.2,65.1,6.36,No,Laptop,Phd,89.6,05-12-2024,79518.0,Partial,Good coder,65.1,Medium (50-75%),Medium (5-8),16-20,Q4
S0115,21,Male,Remote,NONE,4.0,53.4,7.16,Yes,Mobile,NONE,57.9,29-02-2024,71074.0,No,Good coder,53.4,Medium (50-75%),Medium (5-8),0-5,Q1
S0116,23,Female,Bengaluru,CS,9.0,92.6,9.32,No,Laptop,Postgrad,95.0,09-08-2023,64511.0,Yes,,92.6,High (>75%),High (>8),6-10,Q1
S0117,22,Female,Remote,NONE,12.0,82.2,6.45,Yes,Desktop,NONE,67.4,20-12-2023,64758.0,Partial,Transferred from another program,82.2,High (>75%),Medium (5-8),11-15,Q2
S0118,18,Female,Chennai,MCA,12.2,77.0,7.15,Yes,Tablet,Postgrad,46.5,24-04-2023,66827.0,No,Good coder,77.0,High (>75%),Medium (5-8),11-15,Q3
S0119,26,Other,Chennai,BSC,9.7,98.6,8.05,Yes,NONE,NONE,69.9,25-11-2024,66071.0,Yes,Late enrollment,98.6,High (>75%),High (>8),6-10,Q2
S0120,25,Prefer_not_to_say,Bengaluru,CS,15.1,92.3,6.53,Yes,Desktop,Postgrad,57.8,23-06-2024,62250.0,Partial,Good coder,92.3,High (>75%),Medium (5-8),16-20,Q3
S0121,25,Male,Remote,MBA,6.7,54.1,7.96,Yes,Tablet,High School,70.9,16-02-2023,60834.0,Partial,Prefers evening classes,54.1,Medium (50-75%),Medium (5-8),6-10,Q1
S0122,19,Female,Chennai,BBA,11.3,63.7,8.37,No,Mobile,NONE,58.2,09-02-2024,59499.0,No,,63.7,Medium (50-75%),High (>8),11-15,Q2
S0123,27,NONE,Kolkata,MCA,12.6,59.9,7.95,No,Laptop,Phd,61.3,01-08-2023,53968.0,NONE,Late enrollment,59.9,Medium (50-75%),Medium (5-8),11-15,Q3
S0124,17,Other,Remote,MCA,14.6,89.6,5.32,No,Mobile,Postgrad,39.7,11-05-2023,57755.0,NONE,Needs scholarship support,89.6,High (>75%),Medium (5-8),11-15,Q3
S0125,24,NONE,Kolkata,NONE,15.6,47.0,6.33,NONE,Laptop,High School,61.2,24-02-2025,46456.0,No,,47.0,Low (<50%),Medium (5-8),16-20,Q4
S0126,30,Female,Chennai,NONE,6.4,79.2,7.15,NONE,Laptop,NONE,31.6,21-02-2025,59213.0,No,Prefers evening classes,79.2,High (>75%),Medium (5-8),6-10,Q1
S0127,18,Female,Pune,NONE,4.3,90.7,7.11,No,Laptop,NONE,44.2,24-10-2023,52091.0,Yes,Transferred from another program,90.7,High (>75%),Medium (5-8),0-5,Q1
S0128,20,NONE,Chennai,EE,18.4,97.6,7.94,Yes,NONE,NONE,79.4,03-05-2023,51171.0,NONE,Late enrollment,97.6,High (>75%),Medium (5-8),16-20,Q4
S0129,22,Male,Kolkata,BSC,13.7,65.5,7.41,NONE,Desktop,High School,79.8,24-05-2024,61439.0,Yes,,65.5,Medium (50-75%),Medium (5-8),11-15,Q3
S0130,20,Other,Delhi,EE,8.3,94.3,5.6,Yes,Laptop,NONE,74.4,29-06-2023,71136.0,Partial,Needs scholarship support,94.3,High (>75%),Medium (5-8),6-10,Q1
S0131,16,Male,Hyderabad,BBA,19.8,51.6,7.66,Yes,Desktop,NONE,53.5,25-01-2024,67347.0,No,,51.6,Medium (50-75%),Medium (5-8),16-20,Q4
S0132,22,Other,Mumbai,MCA,12.6,95.8,7.93,Yes,Tablet,Phd,67.3,27-05-2024,47436.0,Yes,,95.8,High (>75%),Medium (5-8),11-15,Q3
S0133,18,NONE,Remote,BSC,17.9,52.6,7.87,No,NONE,Postgrad,67.9,15-03-2023,52083.0,No,Prefers evening classes,52.6,Medium (50-75%),Medium (5-8),16-20,Q4
S0134,24,NONE,Delhi,CS,12.3,68.8,8.5,No,Laptop,Undergrad,50.6,01-06-2025,67526.0,Yes,Transferred from another program,68.8,Medium (50-75%),High (>8),11-15,Q3
S0135,19,Male,Chennai,NONE,22.3,92.8,8.2,No,NONE,NONE,90.6,22-03-2024,52140.0,Partial,Good coder,92.8,High (>75%),High (>8),20+,Q4
S0136,28,Male,Pune,MBA,20.8,54.0,7.75,Yes,Mobile,Postgrad,81.2,15-04-2024,58203.0,Partial,Good coder,54.0,Medium (50-75%),Medium (5-8),20+,Q4
S0137,19,Prefer_not_to_say,Bengaluru,MCA,10.8,58.8,7.12,No,Laptop,Undergrad,64.7,01-06-2025,64400.0,NONE,Prefers evening classes,58.8,Medium (50-75%),Medium (5-8),11-15,Q2
S0138,21,Male,Chennai,ME,16.9,88.3,5.21,Yes,Desktop,NONE,68.4,08-12-2024,52253.0,NONE,Transferred from another program,88.3,High (>75%),Medium (5-8),16-20,Q4
S0139,25,Female,Pune,BSC,15.2,88.2,7.72,Yes,Laptop,Undergrad,71.1,08-10-2024,60843.0,Partial,,88.2,High (>75%),Medium (5-8),16-20,Q3
S0140,17,Male,Hyderabad,ME,18.8,83.5,7.45,NONE,Mobile,NONE,37.4,27-12-2024,49328.0,Yes,,83.5,High (>75%),Medium (5-8),16-20,Q4
S0141,23,Female,Chennai,NONE,7.2,86.6,7.53,No,Laptop,Postgrad,64.3,24-10-2023,55189.0,No,,86.6,High (>75%),Medium (5-8),6-10,Q1
S0142,27,Male,Kolkata,NONE,15.4,77.6,5.67,Yes,Laptop,NONE,57.8,19-02-2024,62558.0,Partial,Needs scholarship support,77.6,High (>75%),Medium (5-8),16-20,Q3
S0143,16,Male,Bengaluru,CS,17.3,60.1,5.9,NONE,Desktop,NONE,53.0,29-11-2023,47256.0,Partial,,60.1,Medium (50-75%),Medium (5-8),16-20,Q4
S0144,23,Male,Pune,MCA,3.2,65.7,8.46,Yes,Mobile,NONE,63.8,31-03-2025,63524.0,Yes,,65.7,Medium (50-75%),High (>8),0-5,Q1
S0145,23,Female,Pune,NONE,6.1,55.9,7.15,No,Laptop,NONE,95.0,01-05-2025,59843.0,Partial,Late enrollment,55.9,Medium (50-75%),Medium (5-8),6-10,Q1
S0146,25,Female,Pune,NONE,1.8,99.5,8.02,No,Tablet,Undergrad,77.6,04-01-2023,64420.0,Partial,,99.5,High (>75%),High (>8),0-5,Q1
S0147,17,Prefer_not_to_say,Hyderabad,CS,10.7,80.0,7.23,NONE,NONE,NONE,59.4,14-05-2025,61791.0,Yes,,80.0,High (>75%),Medium (5-8),11-15,Q2
S0148,17,Female,Chennai,ECE,15.6,69.1,7.24,Yes,Laptop,High School,76.6,09-07-2023,70913.0,Partial,Prefers evening classes,69.1,Medium (50-75%),Medium (5-8),16-20,Q4
S0149,24,NONE,Hyderabad,MCA,19.5,72.7,8.33,No,Tablet,NONE,89.0,26-08-2024,61002.0,NONE,Prefers evening classes,72.7,Medium (50-75%),High (>8),16-20,Q4
S0150,23,Other,Remote,ME,12.4,101.8,6.58,No,Mobile,NONE,70.9,20-06-2024,56565.0,NONE,Good coder,100.0,High (>75%),Medium (5-8),11-15,Q3
S0151,23,Other,Mumbai,BSC,20.1,54.2,7.32,Yes,Mobile,High School,68.9,10-02-2024,60978.0,NONE,,54.2,Medium (50-75%),Medium (5-8),20+,Q4
S0152,23,Prefer_not_to_say,Mumbai,ME,60.0,80.2,6.65,No,Mobile,Postgrad,58.3,02-02-2025,64346.0,NONE,,80.2,High (>75%),Medium (5-8),20+,Q4
S0153,19,NONE,Remote,CS,3.5,75.4,6.68,No,Desktop,Phd,78.5,15-08-2023,60391.0,Partial,Needs scholarship support,75.4,High (>75%),Medium (5-8),0-5,Q1
S0154,23,Other,Chennai,BBA,11.7,81.7,6.83,NONE,Mobile,High School,73.9,03-08-2025,60325.0,No,,81.7,High (>75%),Medium (5-8),11-15,Q2
S0155,23,Female,Kolkata,MCA,13.9,46.1,7.47,Yes,NONE,NONE,81.4,20-03-2023,54384.0,NONE,,46.1,Low (<50%),Medium (5-8),11-15,Q3
S0156,19,NONE,Hyderabad,MBA,11.8,97.3,6.63,Yes,Desktop,Postgrad,77.5,27-06-2024,54697.0,NONE,Needs scholarship support,97.3,High (>75%),Medium (5-8),11-15,Q2
S0157,29,Female,Bengaluru,EE,1.7,100.9,8.71,Yes,Mobile,NONE,83.7,16-07-2025,48779.0,Partial,,100.0,High (>75%),High (>8),0-5,Q1
S0158,24,Male,Pune,BSC,11.6,78.9,6.13,No,Desktop,Undergrad,60.0,26-12-2023,73997.0,Partial,Late enrollment,78.9,High (>75%),Medium (5-8),11-15,Q2
S0159,17,NONE,Pune,NONE,5.5,86.8,6.98,Yes,NONE,High School,70.9,30-08-2023,50049.0,Yes,,86.8,High (>75%),Medium (5-8),6-10,Q1
S0160,24,Male,Chennai,MBA,15.3,100.3,6.67,Yes,NONE,Postgrad,71.0,30-05-2023,54457.0,NONE,Transferred from another program,100.0,High (>75%),Medium (5-8),16-20,Q3
S0161,18,Female,Kolkata,MCA,0.0,87.4,8.94,NONE,Laptop,Postgrad,99.1,22-07-2023,54253.0,Yes,Needs scholarship support,87.4,High (>75%),High (>8),0-5,
S0162,25,Female,Mumbai,NONE,7.3,54.2,7.44,No,Desktop,NONE,57.7,09-08-2024,67159.0,NONE,Good coder,54.2,Medium (50-75%),Medium (5-8),6-10,Q1
S0163,26,Male,Mumbai,MCA,9.4,79.6,7.15,Yes,Laptop,Phd,94.0,17-02-2025,57640.0,No,,79.6,High (>75%),Medium (5-8),6-10,Q2
S0164,22,Prefer_not_to_say,Pune,BBA,6.7,81.4,5.42,Yes,Tablet,Undergrad,70.9,07-01-2023,69982.0,Partial,Good coder,81.4,High (>75%),Medium (5-8),6-10,Q1
S0165,26,NONE,Chennai,ECE,11.7,70.4,7.52,NONE,Mobile,Undergrad,58.2,20-04-2024,54612.0,Partial,,70.4,Medium (50-75%),Medium (5-8),11-15,Q2
S0166,24,Prefer_not_to_say,Hyderabad,BSC,16.8,89.2,8.27,Yes,Tablet,Undergrad,60.7,28-11-2024,62232.0,Yes,,89.2,High (>75%),High (>8),16-20,Q4
S0167,25,Female,Mumbai,CS,7.1,101.1,7.3,No,NONE,NONE,63.2,03-06-2025,53317.0,Yes,,100.0,High (>75%),Medium (5-8),6-10,Q1
S0168,29,Male,NONE,NONE,14.5,100.5,8.48,NONE,Tablet,Postgrad,74.4,06-04-2023,77161.0,Partial,Prefers evening classes,100.0,High (>75%),High (>8),11-15,Q3
S0169,21,Male,Kolkata,CS,9.3,72.1,6.58,Yes,Laptop,NONE,75.8,03-11-2023,50499.0,Partial,Good coder,72.1,Medium (50-75%),Medium (5-8),6-10,Q2
S0170,19,Female,Mumbai,MBA,8.0,51.8,8.89,No,Tablet,NONE,59.4,28-03-2024,62479.0,Partial,Needs scholarship support,51.8,Medium (50-75%),High (>8),6-10,Q1
S0171,19,Male,Mumbai,EE,11.5,104.1,9.96,No,Laptop,Postgrad,67.6,26-03-2025,65070.0,NONE,Late enrollment,100.0,High (>75%),High (>8),11-15,Q2
S0172,19,Male,Delhi,ECE,6.8,95.3,6.76,No,Tablet,Undergrad,70.9,28-08-2024,63310.0,NONE,,95.3,High (>75%),Medium (5-8),6-10,Q1
S0173,22,NONE,Mumbai,CS,9.2,52.5,6.67,Yes,NONE,Postgrad,70.9,27-12-2023,58518.0,No,,52.5,Medium (50-75%),Medium (5-8),6-10,Q2
S0174,23,Male,Remote,CS,6.0,100.3,8.94,NONE,NONE,Phd,74.5,14-11-2023,58961.0,NONE,Needs scholarship support,100.0,High (>75%),High (>8),6-10,Q1
S0175,23,Male,Bengaluru,EE,21.8,97.2,9.1,Yes,Laptop,Postgrad,68.6,07-04-2024,60350.0,Partial,Late enrollment,97.2,High (>75%),High (>8),20+,Q4
S0176,25,Male,Remote,EE,12.2,76.1,6.57,No,Mobile,NONE,69.8,28-02-2023,58824.0,NONE,Transferred from another program,76.1,High (>75%),Medium (5-8),11-15,Q3
S0177,22,Female,Chennai,CS,0.0,80.5,6.7,Yes,Desktop,Postgrad,77.2,01-05-2025,67711.0,Yes,Late enrollment,80.5,High (>75%),Medium (5-8),0-5,
S0178,28,Male,Chennai,NONE,13.1,68.9,6.86,Yes,Mobile,High School,52.7,20-03-2023,77684.0,Partial,,68.9,Medium (50-75%),Medium (5-8),11-15,Q3
S0179,21,Male,Hyderabad,ME,60.0,48.3,5.59,Yes,NONE,Phd,64.1,21-09-2024,55540.0,NONE,Good coder,48.3,Low (<50%),Medium (5-8),20+,Q4
S0180,32,Female,Remote,EE,10.9,65.1,6.1,NONE,Mobile,High School,43.0,18-04-2024,49042.0,Partial,Good coder,65.1,Medium (50-75%),Medium (5-8),11-15,Q2
S0181,24,Male,Remote,ME,15.1,93.2,6.0,Yes,Tablet,Undergrad,74.0,04-05-2024,59294.0,Yes,Good coder,93.2,High (>75%),Medium (5-8),16-20,Q3
S0182,19,Male,Remote,BSC,15.8,45.3,7.15,No,Tablet,Undergrad,77.7,26-11-2023,80638.0,Yes,Transferred from another program,45.3,Low (<50%),Medium (5-8),16-20,Q4
S0183,18,Female,Kolkata,ECE,9.3,65.0,7.16,Yes,NONE,NONE,60.8,28-05-2024,53571.0,NONE,Prefers evening classes,65.0,Medium (50-75%),Medium (5-8),6-10,Q2
S0184,24,NONE,Mumbai,NONE,0.0,68.9,7.48,NONE,NONE,NONE,91.6,03-05-2023,73113.0,Partial,,68.9,Medium (50-75%),Medium (5-8),0-5,
S0185,21,Male,Bengaluru,NONE,10.6,77.2,9.06,No,Mobile,NONE,49.6,16-04-2023,73422.0,No,,77.2,High (>75%),High (>8),11-15,Q2
S0186,25,Female,Hyderabad,BSC,0.5,100.2,6.0,No,Mobile,Phd,46.0,01-01-2025,55571.0,Yes,,100.0,High (>75%),Medium (5-8),0-5,Q1
S0187,24,Prefer_not_to_say,Remote,BBA,4.4,65.8,8.38,No,Tablet,NONE,71.4,31-05-2024,64552.0,No,,65.8,Medium (50-75%),High (>8),0-5,Q1
S0188,22,Male,Remote,MBA,18.8,65.8,6.94,Yes,Desktop,Postgrad,83.7,02-10-2023,73027.0,NONE,Transferred from another program,65.8,Medium (50-75%),Medium (5-8),16-20,Q4
S0189,19,NONE,Delhi,ME,20.2,89.3,7.14,No,Laptop,High School,93.3,25-12-2024,56967.0,Yes,Good coder,89.3,High (>75%),Medium (5-8),20+,Q4
S0190,22,Other,Hyderabad,NONE,10.8,72.1,8.01,Yes,Desktop,Phd,61.1,25-03-2024,58371.0,No,,72.1,Medium (50-75%),High (>8),11-15,Q2
S0191,20,Prefer_not_to_say,Remote,NONE,14.9,58.5,5.85,No,NONE,High School,84.2,08-01-2024,55347.0,Yes,,58.5,Medium (50-75%),Medium (5-8),11-15,Q3
S0192,25,Male,Hyderabad,ECE,13.6,72.1,7.66,No,Mobile,Postgrad,67.4,28-07-2025,51882.0,No,Transferred from another program,72.1,Medium (50-75%),Medium (5-8),11-15,Q3
S0193,23,Prefer_not_to_say,Mumbai,ME,27.4,53.5,7.4,No,Desktop,NONE,65.4,02-01-2024,54806.0,Partial,Transferred from another program,53.5,Medium (50-75%),Medium (5-8),20+,Q4
S0194,17,Female,Delhi,BBA,17.6,55.6,7.79,Yes,Mobile,High School,81.3,04-03-2025,50208.0,Partial,Good coder,55.6,Medium (50-75%),Medium (5-8),16-20,Q4
S0195,23,Male,Hyderabad,ECE,11.4,74.9,7.55,Yes,Laptop,Phd,77.8,26-11-2024,60273.0,NONE,Good coder,74.9,Medium (50-75%),Medium (5-8),11-15,Q2
S0196,23,Female,Bengaluru,NONE,7.2,70.1,7.15,No,Tablet,Postgrad,44.4,19-03-2025,53840.0,Yes,Transferred from another program,70.1,Medium (50-75%),Medium (5-8),6-10,Q1
S0197,19,Female,Bengaluru,CS,4.0,99.9,6.43,Yes,Laptop,NONE,90.1,09-03-2023,61870.0,No,,99.9,High (>75%),Medium (5-8),0-5,Q1
S0198,23,Female,Chennai,BBA,13.0,66.7,6.56,No,Mobile,NONE,88.7,04-07-2023,47553.0,NONE,Needs scholarship support,66.7,Medium (50-75%),Medium (5-8),11-15,Q3
S0199,22,Male,NONE,NONE,8.2,79.8,6.45,No,Laptop,NONE,58.6,18-10-2023,62647.0,Partial,Good coder,79.8,High (>75%),Medium (5-8),6-10,Q1
S0200,18,Female,Delhi,MCA,4.9,82.9,6.53,No,Mobile,Postgrad,73.9,01-11-2025,66668.0,Partial,,82.9,High (>75%),Medium (5-8),0-5,Q1
